[
    {
        "edss": {
            "q2": [
                0,
                0,
                0
            ],
            "q1": [
                0,
                0,
                0
            ],
            "kt": [
                2,
                3,
                4
            ],
            "q4": [
                5,
                5.5,
                6
            ],
            "q3": [
                2,
                2.5,
                2.5
            ],
            "m": [
                1.5,
                1.5,
                2
            ]
        }
    },
    {
        "population_count": 423,
        "edss": {
            "kt": [
                2,
                3,
                4
            ],
            "numbr.of.values.used": [
                375,
                460,
                435
            ],
            "visit.count": [
                375,
                460,
                435
            ]
        }
    }
]