{
    "Other_Meds": [
        {
            "last_updated_provider_id": "G00123",
            "reason_for_med": "Fatigue-Test",
            "save_csn_status": "Closed",
            "save_csn": "865482572",
            "other_med_order_id": "790548777",
            "last_updated_instant": "08/31/2017 10:41:05"
        },
        {
            "last_updated_provider_id": "G001231111",
            "reason_for_med": "Fatigue",
            "save_csn_status": "Open",
            "save_csn": "111000111",
            "other_med_order_id": "11111111",
            "last_updated_instant": "08/31/2017 10:41:05"
        },
        {
            "last_updated_provider_id": "G00111",
            "reason_for_med": "Nausea",
            "save_csn_status": "Closed",
            "save_csn": "111111111",
            "other_med_order_id": "777777771",
            "last_updated_instant": "11/06/2017 02:55:05"
        },
        {
            "last_updated_provider_id": "G00123515151",
            "reason_for_med": "Fatigue",
            "save_csn_status": "Open",
            "save_csn": "51515151",
            "other_med_order_id": "51515151",
            "last_updated_instant": "08/31/2017 10:41:05"
        },
        {
            "last_updated_provider_id": "G00123",
            "reason_for_med": "Fatigue-test for other meds",
            "save_csn_status": "Closed",
            "save_csn": "999999999",
            "other_med_order_id": "123000123",
            "last_updated_instant": "01/23/2018 00:00:01"
        },
        {
            "last_updated_provider_id": "G00276",
            "reason_for_med": "Speech234",
            "save_csn_status": "Open",
            "save_csn": "833228166",
            "other_med_order_id": "139431671",
            "last_updated_instant": "12/29/2017 12:42:57"
        },
        {
            "last_updated_provider_id": "G00123",
            "reason_for_med": "Fatigue-Test345",
            "save_csn_status": "Closed",
            "save_csn": "8654866666",
            "other_med_order_id": "7905487773456",
            "last_updated_instant": "12/29/2017 10:41:05"
        }
    ]
}