[
  {
    "index": 0,
    "isActive": true,
    "age": 27,
    "eyeColor": "blue",
    "name": "Noreen Dawson",
    "gender": "female",
    "company": "OBONES",
    "email": "noreendawson@obones.com",
    "phone": "+1 (852) 504-3314",
    "address": "393 Fiske Place, Westphalia, West Virginia, 9631"
  },
  {
    "index": 1,
    "isActive": true,
    "age": 39,
    "eyeColor": "green",
    "name": "Waller Jackson",
    "gender": "male",
    "company": "MITROC",
    "email": "wallerjackson@mitroc.com",
    "phone": "+1 (964) 522-3778",
    "address": "116 Sutter Avenue, Edmund, Wyoming, 5917"
  },
  {
    "index": 2,
    "isActive": true,
    "age": 32,
    "eyeColor": "green",
    "name": "Elise Church",
    "gender": "female",
    "company": "SUPPORTAL",
    "email": "elisechurch@supportal.com",
    "phone": "+1 (842) 422-2990",
    "address": "305 Humboldt Street, Wedgewood, Virginia, 9501"
  },
  {
    "index": 3,
    "isActive": false,
    "age": 27,
    "eyeColor": "brown",
    "name": "Sears Fowler",
    "gender": "male",
    "company": "ISOSPHERE",
    "email": "searsfowler@isosphere.com",
    "phone": "+1 (959) 505-2905",
    "address": "426 Hendrix Street, Wauhillau, North Carolina, 8769"
  },
  {
    "index": 4,
    "isActive": true,
    "age": 31,
    "eyeColor": "blue",
    "name": "Davis Browning",
    "gender": "male",
    "company": "NIPAZ",
    "email": "davisbrowning@nipaz.com",
    "phone": "+1 (985) 461-2459",
    "address": "225 Chauncey Street, Hiwasse, Wisconsin, 7069"
  },
  {
    "index": 5,
    "isActive": true,
    "age": 25,
    "eyeColor": "green",
    "name": "Kathleen Buckley",
    "gender": "female",
    "company": "EARBANG",
    "email": "kathleenbuckley@earbang.com",
    "phone": "+1 (817) 497-2728",
    "address": "532 National Drive, Fontanelle, Ohio, 4956"
  },
  {
    "index": 6,
    "isActive": false,
    "age": 25,
    "eyeColor": "blue",
    "name": "Tracey Stark",
    "gender": "female",
    "company": "EXOSTREAM",
    "email": "traceystark@exostream.com",
    "phone": "+1 (962) 494-3548",
    "address": "394 Dobbin Street, Bartley, Indiana, 7806"
  },
  {
    "index": 7,
    "isActive": false,
    "age": 32,
    "eyeColor": "blue",
    "name": "Malinda Cummings",
    "gender": "female",
    "company": "SURETECH",
    "email": "malindacummings@suretech.com",
    "phone": "+1 (897) 526-2777",
    "address": "672 Russell Street, Crumpler, Connecticut, 9350"
  },
  {
    "index": 8,
    "isActive": true,
    "age": 30,
    "eyeColor": "blue",
    "name": "Shanna Fields",
    "gender": "female",
    "company": "SPACEWAX",
    "email": "shannafields@spacewax.com",
    "phone": "+1 (931) 547-3545",
    "address": "431 Lloyd Court, Takilma, Guam, 7223"
  },
  {
    "index": 9,
    "isActive": false,
    "age": 27,
    "eyeColor": "blue",
    "name": "Antoinette Crosby",
    "gender": "female",
    "company": "COWTOWN",
    "email": "antoinettecrosby@cowtown.com",
    "phone": "+1 (831) 469-2535",
    "address": "666 Hemlock Street, Macdona, Utah, 7402"
  },
  {
    "index": 10,
    "isActive": false,
    "age": 35,
    "eyeColor": "green",
    "name": "Jewel Hartman",
    "gender": "female",
    "company": "ZBOO",
    "email": "jewelhartman@zboo.com",
    "phone": "+1 (951) 586-3879",
    "address": "478 Concord Street, Dellview, Kansas, 2444"
  },
  {
    "index": 11,
    "isActive": false,
    "age": 37,
    "eyeColor": "blue",
    "name": "Ryan Suarez",
    "gender": "male",
    "company": "DAYCORE",
    "email": "ryansuarez@daycore.com",
    "phone": "+1 (925) 591-2221",
    "address": "974 Howard Avenue, Blandburg, Federated States Of Micronesia, 7550"
  },
  {
    "index": 12,
    "isActive": true,
    "age": 31,
    "eyeColor": "green",
    "name": "Ellen Hayden",
    "gender": "female",
    "company": "ZILODYNE",
    "email": "ellenhayden@zilodyne.com",
    "phone": "+1 (833) 490-2380",
    "address": "627 Bayview Place, Barclay, Marshall Islands, 2348"
  },
  {
    "index": 13,
    "isActive": true,
    "age": 21,
    "eyeColor": "brown",
    "name": "Liz Ruiz",
    "gender": "female",
    "company": "DOGNOST",
    "email": "lizruiz@dognost.com",
    "phone": "+1 (935) 579-3043",
    "address": "354 Wakeman Place, Guilford, Texas, 3985"
  },
  {
    "index": 14,
    "isActive": true,
    "age": 30,
    "eyeColor": "green",
    "name": "Bonnie Perry",
    "gender": "female",
    "company": "FRANSCENE",
    "email": "bonnieperry@franscene.com",
    "phone": "+1 (956) 524-2958",
    "address": "787 Miller Avenue, Morriston, California, 4027"
  },
  {
    "index": 15,
    "isActive": true,
    "age": 20,
    "eyeColor": "brown",
    "name": "Franks Wright",
    "gender": "male",
    "company": "XYLAR",
    "email": "frankswright@xylar.com",
    "phone": "+1 (960) 567-3940",
    "address": "753 Emmons Avenue, Cumberland, South Dakota, 5681"
  },
  {
    "index": 16,
    "isActive": false,
    "age": 28,
    "eyeColor": "brown",
    "name": "Best Cash",
    "gender": "male",
    "company": "TERSANKI",
    "email": "bestcash@tersanki.com",
    "phone": "+1 (837) 490-2621",
    "address": "577 Vanderveer Street, National, Northern Mariana Islands, 2565"
  },
  {
    "index": 17,
    "isActive": true,
    "age": 38,
    "eyeColor": "blue",
    "name": "Eileen Alston",
    "gender": "female",
    "company": "BEZAL",
    "email": "eileenalston@bezal.com",
    "phone": "+1 (822) 520-3608",
    "address": "710 Prince Street, Belfair, Virgin Islands, 8004"
  },
  {
    "index": 18,
    "isActive": false,
    "age": 26,
    "eyeColor": "blue",
    "name": "Wiggins Head",
    "gender": "male",
    "company": "IPLAX",
    "email": "wigginshead@iplax.com",
    "phone": "+1 (983) 427-2217",
    "address": "703 Louisa Street, Hollymead, Illinois, 1721"
  },
  {
    "index": 19,
    "isActive": true,
    "age": 35,
    "eyeColor": "blue",
    "name": "Dickerson Hart",
    "gender": "male",
    "company": "ECLIPTO",
    "email": "dickersonhart@eclipto.com",
    "phone": "+1 (840) 497-2703",
    "address": "906 Withers Street, Maxville, Alabama, 6879"
  },
  {
    "index": 20,
    "isActive": true,
    "age": 21,
    "eyeColor": "green",
    "name": "Annmarie Baxter",
    "gender": "female",
    "company": "SLOFAST",
    "email": "annmariebaxter@slofast.com",
    "phone": "+1 (842) 588-3486",
    "address": "159 Livingston Street, Enlow, Delaware, 2002"
  },
  {
    "index": 21,
    "isActive": true,
    "age": 40,
    "eyeColor": "blue",
    "name": "Socorro Lambert",
    "gender": "female",
    "company": "VICON",
    "email": "socorrolambert@vicon.com",
    "phone": "+1 (881) 514-2535",
    "address": "230 Driggs Avenue, Yardville, Kentucky, 4998"
  },
  {
    "index": 22,
    "isActive": true,
    "age": 40,
    "eyeColor": "green",
    "name": "Lynette Herring",
    "gender": "female",
    "company": "SENMEI",
    "email": "lynetteherring@senmei.com",
    "phone": "+1 (993) 592-2649",
    "address": "607 Schweikerts Walk, Greenfields, Georgia, 3133"
  },
  {
    "index": 23,
    "isActive": false,
    "age": 23,
    "eyeColor": "blue",
    "name": "Nolan Richard",
    "gender": "male",
    "company": "GINK",
    "email": "nolanrichard@gink.com",
    "phone": "+1 (836) 596-3349",
    "address": "941 Post Court, Hiseville, Pennsylvania, 981"
  },
  {
    "index": 24,
    "isActive": true,
    "age": 29,
    "eyeColor": "blue",
    "name": "Monroe Hawkins",
    "gender": "male",
    "company": "VENDBLEND",
    "email": "monroehawkins@vendblend.com",
    "phone": "+1 (956) 492-3225",
    "address": "912 Hausman Street, Cawood, Iowa, 5015"
  },
  {
    "index": 25,
    "isActive": true,
    "age": 39,
    "eyeColor": "brown",
    "name": "Hawkins Lindsay",
    "gender": "male",
    "company": "PAPRICUT",
    "email": "hawkinslindsay@papricut.com",
    "phone": "+1 (833) 499-2865",
    "address": "638 Ridgewood Place, Defiance, American Samoa, 8805"
  },
  {
    "index": 26,
    "isActive": false,
    "age": 22,
    "eyeColor": "blue",
    "name": "Montoya Woodward",
    "gender": "male",
    "company": "GENMEX",
    "email": "montoyawoodward@genmex.com",
    "phone": "+1 (902) 506-3466",
    "address": "107 Brooklyn Road, Waverly, Mississippi, 1131"
  },
  {
    "index": 27,
    "isActive": false,
    "age": 25,
    "eyeColor": "brown",
    "name": "Rhodes Leblanc",
    "gender": "male",
    "company": "BARKARAMA",
    "email": "rhodesleblanc@barkarama.com",
    "phone": "+1 (915) 486-3156",
    "address": "429 Auburn Place, Welch, Oregon, 2734"
  },
  {
    "index": 28,
    "isActive": false,
    "age": 29,
    "eyeColor": "blue",
    "name": "Randall Carr",
    "gender": "male",
    "company": "INTERGEEK",
    "email": "randallcarr@intergeek.com",
    "phone": "+1 (854) 448-2088",
    "address": "781 Cypress Court, Newry, Oklahoma, 6169"
  },
  {
    "index": 29,
    "isActive": true,
    "age": 21,
    "eyeColor": "green",
    "name": "Terra Swanson",
    "gender": "female",
    "company": "PROWASTE",
    "email": "terraswanson@prowaste.com",
    "phone": "+1 (919) 515-2994",
    "address": "581 Prospect Place, Hilltop, Arkansas, 1471"
  },
  {
    "index": 30,
    "isActive": false,
    "age": 23,
    "eyeColor": "brown",
    "name": "Strong Pena",
    "gender": "male",
    "company": "WARETEL",
    "email": "strongpena@waretel.com",
    "phone": "+1 (875) 463-3371",
    "address": "665 Beaver Street, Jenkinsville, Florida, 8026"
  },
  {
    "index": 31,
    "isActive": true,
    "age": 28,
    "eyeColor": "green",
    "name": "Duncan Dale",
    "gender": "male",
    "company": "TSUNAMIA",
    "email": "duncandale@tsunamia.com",
    "phone": "+1 (835) 482-3410",
    "address": "593 Milford Street, Thatcher, District Of Columbia, 373"
  },
  {
    "index": 32,
    "isActive": true,
    "age": 36,
    "eyeColor": "green",
    "name": "Compton Reyes",
    "gender": "male",
    "company": "SUSTENZA",
    "email": "comptonreyes@sustenza.com",
    "phone": "+1 (864) 547-3827",
    "address": "739 Coyle Street, Belmont, Vermont, 1616"
  },
  {
    "index": 33,
    "isActive": false,
    "age": 32,
    "eyeColor": "brown",
    "name": "Hilda Dickson",
    "gender": "female",
    "company": "LUXURIA",
    "email": "hildadickson@luxuria.com",
    "phone": "+1 (816) 404-3447",
    "address": "737 Arion Place, Websterville, New Hampshire, 2372"
  },
  {
    "index": 34,
    "isActive": false,
    "age": 40,
    "eyeColor": "brown",
    "name": "Dixon Boyd",
    "gender": "male",
    "company": "INSURESYS",
    "email": "dixonboyd@insuresys.com",
    "phone": "+1 (994) 484-3133",
    "address": "625 Conway Street, Thornport, Hawaii, 9957"
  },
  {
    "index": 35,
    "isActive": true,
    "age": 28,
    "eyeColor": "green",
    "name": "Mayra Marquez",
    "gender": "female",
    "company": "DOGNOSIS",
    "email": "mayramarquez@dognosis.com",
    "phone": "+1 (827) 435-3249",
    "address": "751 Schenck Street, Leeper, Nebraska, 1020"
  },
  {
    "index": 36,
    "isActive": true,
    "age": 26,
    "eyeColor": "blue",
    "name": "Mcgowan Sharp",
    "gender": "male",
    "company": "NETUR",
    "email": "mcgowansharp@netur.com",
    "phone": "+1 (813) 527-2382",
    "address": "873 Bushwick Place, Orick, Michigan, 6586"
  },
  {
    "index": 37,
    "isActive": true,
    "age": 33,
    "eyeColor": "brown",
    "name": "Travis Kaufman",
    "gender": "male",
    "company": "HARMONEY",
    "email": "traviskaufman@harmoney.com",
    "phone": "+1 (865) 451-2500",
    "address": "776 Garden Place, Berwind, Minnesota, 5424"
  },
  {
    "index": 38,
    "isActive": false,
    "age": 30,
    "eyeColor": "brown",
    "name": "Chris Bernard",
    "gender": "female",
    "company": "ZAGGLES",
    "email": "chrisbernard@zaggles.com",
    "phone": "+1 (936) 423-3471",
    "address": "944 Macdougal Street, Gilmore, Rhode Island, 7676"
  },
  {
    "index": 39,
    "isActive": false,
    "age": 24,
    "eyeColor": "green",
    "name": "Cathy Ingram",
    "gender": "female",
    "company": "EVIDENDS",
    "email": "cathyingram@evidends.com",
    "phone": "+1 (809) 564-3153",
    "address": "497 Bouck Court, Wolcott, North Dakota, 542"
  }
]