[{
	"ref_no": "Chq / 648 / 18",
	"cheq_no": "037349",
	"cheq_date": "2018 - 11 - 05",
	"cheq_amt": "5600.00",
	"acc_id_bank": "414",
	"remarks": "ASRAFIL KAZI OCT 2018",
	"pay_from": "Allahabad Bank",
	"pay_to": "Salary Expences"
}, {
	"ref_no": "Chq / 647 / 18",
	"cheq_no": "037348",
	"cheq_date": "2018 - 11 - 05",
	"cheq_amt": "8351.00",
	"acc_id_bank": "414",
	"remarks": "PULAK DAS OCT 2018",
	"pay_from": "Allahabad Bank",
	"pay_to": "Salary Expences"
}, {
	"ref_no": "Chq / 646 / 18",
	"cheq_no": "037347",
	"cheq_date": "2018 - 11 - 05",
	"cheq_amt": "5698.00",
	"acc_id_bank": "414",
	"remarks": "SAMAR DAS OCT 2018",
	"pay_from": "Allahabad Bank",
	"pay_to": "Salary Expences"
}, {
	"ref_no": "Chq / 644 / 18",
	"cheq_no": "002491",
	"cheq_date": "2018 - 11 - 05",
	"cheq_amt": "47646.00",
	"acc_id_bank": "37546",
	"remarks": "034714",
	"pay_from": "HDFC Bank",
	"pay_to": "SURYA BUSINESS PVT LTD(Samsung - Mobile)"
}, {
	"ref_no": "Chq / 637 / 18",
	"cheq_no": "035475",
	"cheq_date": "2018 - 11 - 03",
	"cheq_amt": "8386.00",
	"acc_id_bank": "414",
	"remarks": "0029",
	"pay_from": "Allahabad Bank",
	"pay_to": "JALAN BROTHERS PVT LTD(CASIO)"
}, {
	"ref_no": "Chq / 636 / 18",
	"cheq_no": "035474",
	"cheq_date": "2018 - 11 - 03",
	"cheq_amt": "1830.00",
	"acc_id_bank": "414",
	"remarks": "84",
	"pay_from": "Allahabad Bank",
	"pay_to": "JALAN BROTHERS PVT LTD(CASIO)"
}]