[{
		"item": "CARRYBAG",
		"brand": "TITAN",
		"model": "** ** *" ,
		"qty": "2",
		"price": "0.00",
		"value": "0.00",
		"gp": "-3.40",
		"cgp": "-2",
		"days": "54",
		"stock": "209"
	}, {
		"item": "CELLULAR",
		"brand": "MI",
		"model": "NOTE5PRO(4 GB + 64 GB)",
		"qty": "1",
		"price": "13571.43",
		"value": "13571.43",
		"gp": "581.24",
		"cgp": "581",
		"days": "40",
		"stock": "6"
	}, {
		"item": "CELLULAR",
		"brand": "SAMSUNG",
		"model": "J810",
		"qty": "1",
		"price": "15169.48",
		"value": "15169.48",
		"gp": "-425.16",
		"cgp": "-425",
		"days": "3",
		"stock": "1"
	}, {
		"item": "EARPHONE",
		"brand": "IBALL",
		"model": "FIT2",
		"qty": "1",
		"price": "296.61",
		"value": "296.61",
		"gp": "169.49",
		"cgp": "169",
		"days": "74",
		"stock": "8"
	}, {
		"item": "EARPHONE",
		"brand": "IBALL",
		"model": "FLUTE",
		"qty": "1",
		"price": "296.61",
		"value": "296.61",
		"gp": "152.54",
		"cgp": "152",
		"days": "2",
		"stock": "3"
	}, {
		"item": "M / CARD",
		"brand": "SONY",
		"model": "SR16UY3A",
		"qty": "1",
		"price": "338.98",
		"value": "338.98",
		"gp": "97.44",
		"cgp": "97",
		"days": "6",
		"stock": "18"
	}, {
		"item": "M / CARD",
		"brand": "SONY",
		"model": "SR16UY3A",
		"qty": "1",
		"price": "338.98",
		"value": "338.98",
		"gp": "97.44",
		"cgp": "97",
		"days": "6",
		"stock": "18"
	}, {
		"item": "M / CARD",
		"brand": "SONY",
		"model": "SR32UY3A",
		"qty": "1",
		"price": "677.97",
		"value": "677.97",
		"gp": "317.78",
		"cgp": "317",
		"days": "6",
		"stock": "8"
}]