[{
		"brand": "DIGITEK",
		"item": "EARPHONE",
		"orderqty": "5.0",
		"value": "233.050",
		"counter": "COMPUTER",
		"urgent": "1"
	}, {
		"brand": "DIGITEK",
		"item": "POWERBANK",
		"orderqty": "2.0",
		"value": "1271.180",
		"counter": "COMPUTER",
		"urgent": "0"
	}, {
		"brand": "IBALL",
		"item": "EARPHONE",
		"orderqty": "2.0",
		"value": "254.240",
		"counter": "COMPUTER",
		"urgent": "1"
	}, {
		"brand": "IBALL",
		"item": "USBCABLE",
		"orderqty": "2.0",
		"value": "118.640",
		"counter": "COMPUTER",
		"urgent": "1"
	}, {
		"brand": "PHILIPS",
		"item": "HEADPHONE",
		"orderqty": "1.0",
		"value": "423.730",
		"counter": "COMPUTER",
		"urgent": "1"
	}, {
		"brand": "PHILIPS",
		"item": "SPEAKER",
		"orderqty": "1.0",
		"value": "1151.700",
		"counter": "COMPUTER",
		"urgent": "1"
	}, {
		"brand": "SONY",
		"item": "HEADPHONE",
		"orderqty": "2.0",
		"value": "1767.760",
		"counter": "COMPUTER",
		"urgent": "1"
	}, {
		"brand": "SONY",
		"item": "PROJECTOR",
		"orderqty": "1.0",
		"value": "22343.740",
		"counter": "COMPUTER",
		"urgent": "1"
	}, {
		"brand": "SONY",
		"item": "USBCHARGER",
		"orderqty": "2.0",
		"value": "4661.960",
		"counter": "COMPUTER",
		"urgent": "1"
	}, {
		"brand": "ZEBRONICS",
		"item": "SPEAKER",
		"orderqty": "1.0",
		"value": "328.000",
		"counter": "COMPUTER",
		"urgent": "0"
	}, {
		"brand": "ZEBRONICS",
		"item": "USBCABLE",
		"orderqty": "2.0",
		"value": "96.600",
		"counter": "COMPUTER",
		"urgent": "1"
}]